indicator,country,iso,year,value,sub_value
net_policy_stance,Angola,AGO,2020,2,
net_policy_stance,Albania,ALB,2020,1,
net_policy_stance,United Arab Emirates,ARE,2021,-2,
net_policy_stance,United Arab Emirates,ARE,2023,-2,
net_policy_stance,United Arab Emirates,ARE,2024,-1,
net_policy_stance,United Arab Emirates,ARE,2025,-1,
net_policy_stance,United Arab Emirates,ARE,2026,-10,
net_policy_stance,Argentina,ARG,2020,2,
net_policy_stance,Argentina,ARG,2021,-1,
net_policy_stance,Argentina,ARG,2022,-5,
net_policy_stance,Argentina,ARG,2023,-8,
net_policy_stance,Argentina,ARG,2024,6,
net_policy_stance,Argentina,ARG,2025,26,
net_policy_stance,Argentina,ARG,2026,11,
net_policy_stance,Armenia,ARM,2020,1,
net_policy_stance,Armenia,ARM,2021,0,
net_policy_stance,Armenia,ARM,2022,1,
net_policy_stance,Armenia,ARM,2024,1,
net_policy_stance,Armenia,ARM,2025,0,
net_policy_stance,Armenia,ARM,2026,1,
net_policy_stance,Antigua & Barbuda,ATG,2020,2,
net_policy_stance,Australia,AUS,2020,48,
net_policy_stance,Australia,AUS,2021,62,
net_policy_stance,Australia,AUS,2022,30,
net_policy_stance,Australia,AUS,2023,79,
net_policy_stance,Australia,AUS,2024,57,
net_policy_stance,Australia,AUS,2025,94,
net_policy_stance,Australia,AUS,2026,44,
net_policy_stance,Austria,AUT,2020,-1,
net_policy_stance,Austria,AUT,2021,0,
net_policy_stance,Austria,AUT,2022,-21,
net_policy_stance,Austria,AUT,2023,-37,
net_policy_stance,Austria,AUT,2024,-27,
net_policy_stance,Austria,AUT,2025,-64,
net_policy_stance,Austria,AUT,2026,-24,
net_policy_stance,Azerbaijan,AZE,2020,-1,
net_policy_stance,Burundi,BDI,2022,-2,
net_policy_stance,Belgium,BEL,2020,-2,
net_policy_stance,Belgium,BEL,2021,-3,
net_policy_stance,Belgium,BEL,2022,-23,
net_policy_stance,Belgium,BEL,2023,-34,
net_policy_stance,Belgium,BEL,2024,-28,
net_policy_stance,Belgium,BEL,2025,-65,
net_policy_stance,Belgium,BEL,2026,-23,
net_policy_stance,Benin,BEN,2021,2,
net_policy_stance,Bangladesh,BGD,2020,1,
net_policy_stance,Bangladesh,BGD,2022,-2,
net_policy_stance,Bangladesh,BGD,2023,0,
net_policy_stance,Bangladesh,BGD,2024,3,
net_policy_stance,Bangladesh,BGD,2025,10,
net_policy_stance,Bangladesh,BGD,2026,-2,
net_policy_stance,Bulgaria,BGR,2020,-1,
net_policy_stance,Bulgaria,BGR,2021,3,
net_policy_stance,Bulgaria,BGR,2022,-23,
net_policy_stance,Bulgaria,BGR,2023,-31,
net_policy_stance,Bulgaria,BGR,2024,-28,
net_policy_stance,Bulgaria,BGR,2025,-62,
net_policy_stance,Bulgaria,BGR,2026,-23,
net_policy_stance,Bahrain,BHR,2020,-2,
net_policy_stance,Bahrain,BHR,2021,-2,
net_policy_stance,Bahrain,BHR,2023,-1,
net_policy_stance,Bahrain,BHR,2024,-1,
net_policy_stance,Belarus,BLR,2020,2,
net_policy_stance,Belarus,BLR,2021,0,
net_policy_stance,Belarus,BLR,2022,-1,
net_policy_stance,Belarus,BLR,2024,0,
net_policy_stance,Belarus,BLR,2025,0,
net_policy_stance,Belarus,BLR,2026,1,
net_policy_stance,Belize,BLZ,2020,1,
net_policy_stance,Bolivia,BOL,2020,2,
net_policy_stance,Bolivia,BOL,2024,1,
net_policy_stance,Brazil,BRA,2020,26,
net_policy_stance,Brazil,BRA,2021,20,
net_policy_stance,Brazil,BRA,2022,14,
net_policy_stance,Brazil,BRA,2023,-11,
net_policy_stance,Brazil,BRA,2024,-37,
net_policy_stance,Brazil,BRA,2025,-17,
net_policy_stance,Brazil,BRA,2026,-9,
net_policy_stance,Bhutan,BTN,2022,-1,
net_policy_stance,Botswana,BWA,2020,-3,
net_policy_stance,Botswana,BWA,2021,-1,
net_policy_stance,Botswana,BWA,2024,1,
net_policy_stance,Botswana,BWA,2026,-1,
net_policy_stance,Canada,CAN,2020,-12,
net_policy_stance,Canada,CAN,2021,-29,
net_policy_stance,Canada,CAN,2022,-63,
net_policy_stance,Canada,CAN,2023,-56,
net_policy_stance,Canada,CAN,2024,-11,
net_policy_stance,Canada,CAN,2025,-22,
net_policy_stance,Canada,CAN,2026,-9,
net_policy_stance,Switzerland,CHE,2020,-1,
net_policy_stance,Switzerland,CHE,2022,-14,
net_policy_stance,Switzerland,CHE,2023,-16,
net_policy_stance,Switzerland,CHE,2024,-5,
net_policy_stance,Switzerland,CHE,2025,-11,
net_policy_stance,Switzerland,CHE,2026,-3,
net_policy_stance,China,CHN,2020,-315,
net_policy_stance,China,CHN,2021,-185,
net_policy_stance,China,CHN,2022,-179,
net_policy_stance,China,CHN,2023,-171,
net_policy_stance,China,CHN,2024,-163,
net_policy_stance,China,CHN,2025,-118,
net_policy_stance,China,CHN,2026,-33,
net_policy_stance,DR Congo,COD,2020,1,
net_policy_stance,Congo,COG,2022,-2,
net_policy_stance,Colombia,COL,2020,5,
net_policy_stance,Colombia,COL,2021,0,
net_policy_stance,Colombia,COL,2022,2,
net_policy_stance,Colombia,COL,2023,1,
net_policy_stance,Cyprus,CYP,2020,-3,
net_policy_stance,Cyprus,CYP,2021,1,
net_policy_stance,Cyprus,CYP,2022,-21,
net_policy_stance,Cyprus,CYP,2023,-31,
net_policy_stance,Cyprus,CYP,2024,-25,
net_policy_stance,Cyprus,CYP,2025,-62,
net_policy_stance,Cyprus,CYP,2026,-22,
net_policy_stance,Czechia,CZE,2020,-2,
net_policy_stance,Czechia,CZE,2021,2,
net_policy_stance,Czechia,CZE,2022,-24,
net_policy_stance,Czechia,CZE,2023,-35,
net_policy_stance,Czechia,CZE,2024,-27,
net_policy_stance,Czechia,CZE,2025,-65,
net_policy_stance,Czechia,CZE,2026,-22,
net_policy_stance,Germany,DEU,2020,-8,
net_policy_stance,Germany,DEU,2021,-11,
net_policy_stance,Germany,DEU,2022,-33,
net_policy_stance,Germany,DEU,2023,-57,
net_policy_stance,Germany,DEU,2024,-49,
net_policy_stance,Germany,DEU,2025,-83,
net_policy_stance,Germany,DEU,2026,-36,
net_policy_stance,Denmark,DNK,2020,-3,
net_policy_stance,Denmark,DNK,2021,0,
net_policy_stance,Denmark,DNK,2022,-26,
net_policy_stance,Denmark,DNK,2023,-35,
net_policy_stance,Denmark,DNK,2024,-28,
net_policy_stance,Denmark,DNK,2025,-64,
net_policy_stance,Denmark,DNK,2026,-24,
net_policy_stance,Algeria,DZA,2021,3,
net_policy_stance,Algeria,DZA,2022,0,
net_policy_stance,Algeria,DZA,2023,1,
net_policy_stance,Ecuador,ECU,2020,-1,
net_policy_stance,Ecuador,ECU,2021,2,
net_policy_stance,Ecuador,ECU,2023,1,
net_policy_stance,Ecuador,ECU,2025,-3,
net_policy_stance,Egypt,EGY,2020,-2,
net_policy_stance,Egypt,EGY,2021,-1,
net_policy_stance,Egypt,EGY,2022,0,
net_policy_stance,Egypt,EGY,2023,-1,
net_policy_stance,Egypt,EGY,2024,2,
net_policy_stance,Spain,ESP,2020,-3,
net_policy_stance,Spain,ESP,2021,-11,
net_policy_stance,Spain,ESP,2022,-27,
net_policy_stance,Spain,ESP,2023,-44,
net_policy_stance,Spain,ESP,2024,-29,
net_policy_stance,Spain,ESP,2025,-71,
net_policy_stance,Spain,ESP,2026,-27,
net_policy_stance,Estonia,EST,2020,-1,
net_policy_stance,Estonia,EST,2021,3,
net_policy_stance,Estonia,EST,2022,-23,
net_policy_stance,Estonia,EST,2023,-32,
net_policy_stance,Estonia,EST,2024,-27,
net_policy_stance,Estonia,EST,2025,-64,
net_policy_stance,Estonia,EST,2026,-23,
net_policy_stance,Ethiopia,ETH,2022,2,
net_policy_stance,Finland,FIN,2020,-2,
net_policy_stance,Finland,FIN,2021,0,
net_policy_stance,Finland,FIN,2022,-23,
net_policy_stance,Finland,FIN,2023,-33,
net_policy_stance,Finland,FIN,2024,-29,
net_policy_stance,Finland,FIN,2025,-63,
net_policy_stance,Finland,FIN,2026,-23,
net_policy_stance,Fiji,FJI,2020,2,
net_policy_stance,Fiji,FJI,2022,1,
net_policy_stance,France,FRA,2020,-15,
net_policy_stance,France,FRA,2021,-9,
net_policy_stance,France,FRA,2022,-34,
net_policy_stance,France,FRA,2023,-44,
net_policy_stance,France,FRA,2024,-35,
net_policy_stance,France,FRA,2025,-78,
net_policy_stance,France,FRA,2026,-26,
net_policy_stance,United Kingdom,GBR,2020,-10,
net_policy_stance,United Kingdom,GBR,2021,-10,
net_policy_stance,United Kingdom,GBR,2022,-23,
net_policy_stance,United Kingdom,GBR,2023,-35,
net_policy_stance,United Kingdom,GBR,2024,-18,
net_policy_stance,United Kingdom,GBR,2025,-35,
net_policy_stance,United Kingdom,GBR,2026,-12,
net_policy_stance,Georgia,GEO,2020,1,
net_policy_stance,Ghana,GHA,2020,-2,
net_policy_stance,Ghana,GHA,2022,-1,
net_policy_stance,Greece,GRC,2020,-1,
net_policy_stance,Greece,GRC,2021,-2,
net_policy_stance,Greece,GRC,2022,-22,
net_policy_stance,Greece,GRC,2023,-35,
net_policy_stance,Greece,GRC,2024,-27,
net_policy_stance,Greece,GRC,2025,-65,
net_policy_stance,Greece,GRC,2026,-24,
net_policy_stance,Guatemala,GTM,2022,1,
net_policy_stance,Guatemala,GTM,2025,-1,
net_policy_stance,Hong Kong,HKG,2025,-1,
net_policy_stance,Hong Kong,HKG,2026,-1,
net_policy_stance,Croatia,HRV,2020,-1,
net_policy_stance,Croatia,HRV,2021,-1,
net_policy_stance,Croatia,HRV,2022,-22,
net_policy_stance,Croatia,HRV,2023,-33,
net_policy_stance,Croatia,HRV,2024,-26,
net_policy_stance,Croatia,HRV,2025,-62,
net_policy_stance,Croatia,HRV,2026,-23,
net_policy_stance,Hungary,HUN,2020,-4,
net_policy_stance,Hungary,HUN,2021,3,
net_policy_stance,Hungary,HUN,2022,-23,
net_policy_stance,Hungary,HUN,2023,-37,
net_policy_stance,Hungary,HUN,2024,-26,
net_policy_stance,Hungary,HUN,2025,-67,
net_policy_stance,Hungary,HUN,2026,-22,
net_policy_stance,Indonesia,IDN,2020,5,
net_policy_stance,Indonesia,IDN,2021,4,
net_policy_stance,Indonesia,IDN,2022,1,
net_policy_stance,Indonesia,IDN,2023,-1,
net_policy_stance,Indonesia,IDN,2024,0,
net_policy_stance,Indonesia,IDN,2025,-6,
net_policy_stance,Indonesia,IDN,2026,-3,
net_policy_stance,India,IND,2020,-33,
net_policy_stance,India,IND,2021,-10,
net_policy_stance,India,IND,2022,-15,
net_policy_stance,India,IND,2023,-17,
net_policy_stance,India,IND,2024,-19,
net_policy_stance,India,IND,2025,-26,
net_policy_stance,India,IND,2026,-15,
net_policy_stance,Ireland,IRL,2020,-2,
net_policy_stance,Ireland,IRL,2021,1,
net_policy_stance,Ireland,IRL,2022,-21,
net_policy_stance,Ireland,IRL,2023,-34,
net_policy_stance,Ireland,IRL,2024,-25,
net_policy_stance,Ireland,IRL,2025,-62,
net_policy_stance,Ireland,IRL,2026,-22,
net_policy_stance,Iran,IRN,2020,-5,
net_policy_stance,Iran,IRN,2022,-1,
net_policy_stance,Iraq,IRQ,2025,-1,
net_policy_stance,Iraq,IRQ,2026,4,
net_policy_stance,Iceland,ISL,2020,-1,
net_policy_stance,Israel,ISR,2020,-1,
net_policy_stance,Israel,ISR,2022,1,
net_policy_stance,Italy,ITA,2020,-4,
net_policy_stance,Italy,ITA,2021,-11,
net_policy_stance,Italy,ITA,2022,-40,
net_policy_stance,Italy,ITA,2023,-46,
net_policy_stance,Italy,ITA,2024,-37,
net_policy_stance,Italy,ITA,2025,-79,
net_policy_stance,Italy,ITA,2026,-23,
net_policy_stance,Jamaica,JAM,2022,1,
net_policy_stance,Japan,JPN,2020,-3,
net_policy_stance,Japan,JPN,2021,-12,
net_policy_stance,Japan,JPN,2022,-22,
net_policy_stance,Japan,JPN,2023,-43,
net_policy_stance,Japan,JPN,2024,-24,
net_policy_stance,Japan,JPN,2025,-24,
net_policy_stance,Japan,JPN,2026,-6,
net_policy_stance,Kazakhstan,KAZ,2020,3,
net_policy_stance,Kazakhstan,KAZ,2021,0,
net_policy_stance,Kazakhstan,KAZ,2022,1,
net_policy_stance,Kazakhstan,KAZ,2024,0,
net_policy_stance,Kazakhstan,KAZ,2025,-1,
net_policy_stance,Kazakhstan,KAZ,2026,1,
net_policy_stance,Kenya,KEN,2022,-1,
net_policy_stance,Kenya,KEN,2023,-1,
net_policy_stance,Kenya,KEN,2024,1,
net_policy_stance,Kenya,KEN,2025,7,
net_policy_stance,Kyrgyzstan,KGZ,2020,0,
net_policy_stance,Kyrgyzstan,KGZ,2021,0,
net_policy_stance,Kyrgyzstan,KGZ,2022,0,
net_policy_stance,Kyrgyzstan,KGZ,2024,0,
net_policy_stance,Kyrgyzstan,KGZ,2025,0,
net_policy_stance,Kyrgyzstan,KGZ,2026,1,
net_policy_stance,Cambodia,KHM,2025,0,
net_policy_stance,Republic of Korea,KOR,2020,-7,
net_policy_stance,Republic of Korea,KOR,2021,-11,
net_policy_stance,Republic of Korea,KOR,2022,-7,
net_policy_stance,Republic of Korea,KOR,2023,-40,
net_policy_stance,Republic of Korea,KOR,2024,-36,
net_policy_stance,Republic of Korea,KOR,2025,-35,
net_policy_stance,Republic of Korea,KOR,2026,-15,
net_policy_stance,Kuwait,KWT,2021,-2,
net_policy_stance,Kuwait,KWT,2023,-1,
net_policy_stance,Kuwait,KWT,2024,-1,
net_policy_stance,Lao,LAO,2020,-1,
net_policy_stance,Lao,LAO,2021,1,
net_policy_stance,Liberia,LBR,2022,1,
net_policy_stance,Libya,LBY,2020,-1,
net_policy_stance,Liechtenstein,LIE,2025,-2,
net_policy_stance,Sri Lanka,LKA,2020,2,
net_policy_stance,Sri Lanka,LKA,2022,-1,
net_policy_stance,Sri Lanka,LKA,2023,2,
net_policy_stance,Lesotho,LSO,2020,-2,
net_policy_stance,Lesotho,LSO,2021,-1,
net_policy_stance,Lesotho,LSO,2024,1,
net_policy_stance,Lesotho,LSO,2026,-1,
net_policy_stance,Lithuania,LTU,2020,-1,
net_policy_stance,Lithuania,LTU,2021,1,
net_policy_stance,Lithuania,LTU,2022,-23,
net_policy_stance,Lithuania,LTU,2023,-32,
net_policy_stance,Lithuania,LTU,2024,-26,
net_policy_stance,Lithuania,LTU,2025,-62,
net_policy_stance,Lithuania,LTU,2026,-24,
net_policy_stance,Luxembourg,LUX,2020,-1,
net_policy_stance,Luxembourg,LUX,2021,3,
net_policy_stance,Luxembourg,LUX,2022,-21,
net_policy_stance,Luxembourg,LUX,2023,-31,
net_policy_stance,Luxembourg,LUX,2024,-26,
net_policy_stance,Luxembourg,LUX,2025,-63,
net_policy_stance,Luxembourg,LUX,2026,-23,
net_policy_stance,Latvia,LVA,2020,-1,
net_policy_stance,Latvia,LVA,2021,3,
net_policy_stance,Latvia,LVA,2022,-23,
net_policy_stance,Latvia,LVA,2023,-32,
net_policy_stance,Latvia,LVA,2024,-26,
net_policy_stance,Latvia,LVA,2025,-62,
net_policy_stance,Latvia,LVA,2026,-23,
net_policy_stance,Morocco,MAR,2020,-1,
net_policy_stance,Morocco,MAR,2021,-1,
net_policy_stance,Morocco,MAR,2022,-2,
net_policy_stance,Morocco,MAR,2025,1,
net_policy_stance,Madagascar,MDG,2022,1,
net_policy_stance,Madagascar,MDG,2023,-1,
net_policy_stance,Maldives,MDV,2020,1,
net_policy_stance,Mexico,MEX,2020,1,
net_policy_stance,Mexico,MEX,2021,1,
net_policy_stance,Mexico,MEX,2023,-1,
net_policy_stance,Mexico,MEX,2024,1,
net_policy_stance,Mexico,MEX,2025,-4,
net_policy_stance,Macedonia,MKD,2020,1,
net_policy_stance,Macedonia,MKD,2026,-1,
net_policy_stance,Malta,MLT,2020,-1,
net_policy_stance,Malta,MLT,2021,3,
net_policy_stance,Malta,MLT,2022,-21,
net_policy_stance,Malta,MLT,2023,-32,
net_policy_stance,Malta,MLT,2024,-25,
net_policy_stance,Malta,MLT,2025,-62,
net_policy_stance,Malta,MLT,2026,-22,
net_policy_stance,Myanmar,MMR,2020,1,
net_policy_stance,Myanmar,MMR,2023,1,
net_policy_stance,Mozambique,MOZ,2020,1,
net_policy_stance,Malawi,MWI,2020,1,
net_policy_stance,Malaysia,MYS,2020,-1,
net_policy_stance,Malaysia,MYS,2021,1,
net_policy_stance,Malaysia,MYS,2022,2,
net_policy_stance,Malaysia,MYS,2023,-2,
net_policy_stance,Malaysia,MYS,2024,0,
net_policy_stance,Malaysia,MYS,2025,0,
net_policy_stance,Malaysia,MYS,2026,2,
net_policy_stance,Namibia,NAM,2020,-2,
net_policy_stance,Namibia,NAM,2021,-1,
net_policy_stance,Namibia,NAM,2022,-1,
net_policy_stance,Namibia,NAM,2024,1,
net_policy_stance,Namibia,NAM,2026,-1,
net_policy_stance,Niger,NER,2020,1,
net_policy_stance,Nigeria,NGA,2020,2,
net_policy_stance,Nigeria,NGA,2022,-1,
net_policy_stance,Nigeria,NGA,2023,2,
net_policy_stance,Nicaragua,NIC,2022,2,
net_policy_stance,Netherlands,NLD,2020,-2,
net_policy_stance,Netherlands,NLD,2021,-4,
net_policy_stance,Netherlands,NLD,2022,-25,
net_policy_stance,Netherlands,NLD,2023,-34,
net_policy_stance,Netherlands,NLD,2024,-31,
net_policy_stance,Netherlands,NLD,2025,-64,
net_policy_stance,Netherlands,NLD,2026,-23,
net_policy_stance,Norway,NOR,2020,-1,
net_policy_stance,Norway,NOR,2021,-3,
net_policy_stance,Norway,NOR,2022,-6,
net_policy_stance,Norway,NOR,2023,-1,
net_policy_stance,Nepal,NPL,2020,-1,
net_policy_stance,Nepal,NPL,2021,1,
net_policy_stance,Nepal,NPL,2022,-2,
net_policy_stance,Nepal,NPL,2023,-1,
net_policy_stance,New Zealand,NZL,2020,11,
net_policy_stance,New Zealand,NZL,2021,6,
net_policy_stance,New Zealand,NZL,2022,1,
net_policy_stance,New Zealand,NZL,2023,3,
net_policy_stance,New Zealand,NZL,2024,1,
net_policy_stance,New Zealand,NZL,2025,-2,
net_policy_stance,New Zealand,NZL,2026,-2,
net_policy_stance,Oman,OMN,2020,0,
net_policy_stance,Oman,OMN,2021,-2,
net_policy_stance,Oman,OMN,2023,-1,
net_policy_stance,Oman,OMN,2024,-1,
net_policy_stance,Pakistan,PAK,2020,3,
net_policy_stance,Pakistan,PAK,2021,1,
net_policy_stance,Pakistan,PAK,2022,0,
net_policy_stance,Pakistan,PAK,2023,3,
net_policy_stance,Pakistan,PAK,2025,0,
net_policy_stance,Pakistan,PAK,2026,-1,
net_policy_stance,Peru,PER,2020,1,
net_policy_stance,Philippines,PHL,2020,2,
net_policy_stance,Philippines,PHL,2021,1,
net_policy_stance,Philippines,PHL,2022,3,
net_policy_stance,Philippines,PHL,2023,1,
net_policy_stance,Philippines,PHL,2024,2,
net_policy_stance,Philippines,PHL,2025,-1,
net_policy_stance,Poland,POL,2020,-9,
net_policy_stance,Poland,POL,2021,0,
net_policy_stance,Poland,POL,2022,-28,
net_policy_stance,Poland,POL,2023,-36,
net_policy_stance,Poland,POL,2024,-27,
net_policy_stance,Poland,POL,2025,-66,
net_policy_stance,Poland,POL,2026,-22,
net_policy_stance,Portugal,PRT,2020,-2,
net_policy_stance,Portugal,PRT,2021,3,
net_policy_stance,Portugal,PRT,2022,-22,
net_policy_stance,Portugal,PRT,2023,-31,
net_policy_stance,Portugal,PRT,2024,-27,
net_policy_stance,Portugal,PRT,2025,-64,
net_policy_stance,Portugal,PRT,2026,-22,
net_policy_stance,Paraguay,PRY,2020,1,
net_policy_stance,Paraguay,PRY,2022,-1,
net_policy_stance,Paraguay,PRY,2023,1,
net_policy_stance,Qatar,QAT,2021,-2,
net_policy_stance,Qatar,QAT,2023,-1,
net_policy_stance,Qatar,QAT,2024,-1,
net_policy_stance,Qatar,QAT,2025,-1,
net_policy_stance,Romania,ROU,2020,-2,
net_policy_stance,Romania,ROU,2021,3,
net_policy_stance,Romania,ROU,2022,-23,
net_policy_stance,Romania,ROU,2023,-33,
net_policy_stance,Romania,ROU,2024,-26,
net_policy_stance,Romania,ROU,2025,-64,
net_policy_stance,Romania,ROU,2026,-23,
net_policy_stance,Russia,RUS,2020,-8,
net_policy_stance,Russia,RUS,2021,-9,
net_policy_stance,Russia,RUS,2022,-6,
net_policy_stance,Russia,RUS,2023,-10,
net_policy_stance,Russia,RUS,2024,-10,
net_policy_stance,Russia,RUS,2025,-6,
net_policy_stance,Russia,RUS,2026,0,
net_policy_stance,Rwanda,RWA,2020,-1,
net_policy_stance,Rwanda,RWA,2022,-2,
net_policy_stance,Rwanda,RWA,2023,-1,
net_policy_stance,Saudi Arabia,SAU,2020,-5,
net_policy_stance,Saudi Arabia,SAU,2021,-4,
net_policy_stance,Saudi Arabia,SAU,2022,-4,
net_policy_stance,Saudi Arabia,SAU,2023,-4,
net_policy_stance,Saudi Arabia,SAU,2024,-11,
net_policy_stance,Saudi Arabia,SAU,2025,-6,
net_policy_stance,Saudi Arabia,SAU,2026,-7,
net_policy_stance,Senegal,SEN,2020,2,
net_policy_stance,Singapore,SGP,2021,0,
net_policy_stance,El Salvador,SLV,2025,-2,
net_policy_stance,South Sudan,SSD,2022,-2,
net_policy_stance,Slovakia,SVK,2020,-1,
net_policy_stance,Slovakia,SVK,2021,-2,
net_policy_stance,Slovakia,SVK,2022,-23,
net_policy_stance,Slovakia,SVK,2023,-35,
net_policy_stance,Slovakia,SVK,2024,-27,
net_policy_stance,Slovakia,SVK,2025,-64,
net_policy_stance,Slovakia,SVK,2026,-22,
net_policy_stance,Slovenia,SVN,2020,-3,
net_policy_stance,Slovenia,SVN,2021,4,
net_policy_stance,Slovenia,SVN,2022,-22,
net_policy_stance,Slovenia,SVN,2023,-33,
net_policy_stance,Slovenia,SVN,2024,-28,
net_policy_stance,Slovenia,SVN,2025,-63,
net_policy_stance,Slovenia,SVN,2026,-25,
net_policy_stance,Sweden,SWE,2020,-5,
net_policy_stance,Sweden,SWE,2021,-2,
net_policy_stance,Sweden,SWE,2022,-23,
net_policy_stance,Sweden,SWE,2023,-36,
net_policy_stance,Sweden,SWE,2024,-29,
net_policy_stance,Sweden,SWE,2025,-68,
net_policy_stance,Sweden,SWE,2026,-23,
net_policy_stance,Eswatini,SWZ,2020,-2,
net_policy_stance,Eswatini,SWZ,2021,-1,
net_policy_stance,Eswatini,SWZ,2024,1,
net_policy_stance,Eswatini,SWZ,2026,-1,
net_policy_stance,Syria,SYR,2020,1,
net_policy_stance,Chad,TCD,2020,1,
net_policy_stance,Togo,TGO,2020,2,
net_policy_stance,Togo,TGO,2022,1,
net_policy_stance,Togo,TGO,2024,-2,
net_policy_stance,Thailand,THA,2020,4,
net_policy_stance,Thailand,THA,2021,3,
net_policy_stance,Thailand,THA,2022,5,
net_policy_stance,Thailand,THA,2023,-3,
net_policy_stance,Thailand,THA,2024,-3,
net_policy_stance,Thailand,THA,2025,0,
net_policy_stance,Thailand,THA,2026,4,
net_policy_stance,Tunisia,TUN,2022,2,
net_policy_stance,Turkiye,TUR,2020,-15,
net_policy_stance,Turkiye,TUR,2021,1,
net_policy_stance,Turkiye,TUR,2022,-2,
net_policy_stance,Turkiye,TUR,2023,0,
net_policy_stance,Turkiye,TUR,2024,-33,
net_policy_stance,Turkiye,TUR,2025,-11,
net_policy_stance,Turkiye,TUR,2026,-2,
net_policy_stance,Chinese Taipei,TWN,2020,1,
net_policy_stance,Chinese Taipei,TWN,2022,-2,
net_policy_stance,Chinese Taipei,TWN,2023,-1,
net_policy_stance,Chinese Taipei,TWN,2024,-1,
net_policy_stance,Chinese Taipei,TWN,2025,-3,
net_policy_stance,Chinese Taipei,TWN,2026,-5,
net_policy_stance,Tanzania,TZA,2022,-1,
net_policy_stance,Uganda,UGA,2022,-1,
net_policy_stance,Ukraine,UKR,2020,1,
net_policy_stance,Ukraine,UKR,2021,-1,
net_policy_stance,Ukraine,UKR,2022,-1,
net_policy_stance,Ukraine,UKR,2025,-5,
net_policy_stance,Ukraine,UKR,2026,-5,
net_policy_stance,Uruguay,URY,2020,0,
net_policy_stance,Uruguay,URY,2023,1,
net_policy_stance,United States of America,USA,2020,-100,
net_policy_stance,United States of America,USA,2021,-183,
net_policy_stance,United States of America,USA,2022,-240,
net_policy_stance,United States of America,USA,2023,-239,
net_policy_stance,United States of America,USA,2024,-278,
net_policy_stance,United States of America,USA,2025,-183,
net_policy_stance,United States of America,USA,2026,-45,
net_policy_stance,Uzbekistan,UZB,2020,1,
net_policy_stance,Saint Vincent & the Grenadines,VCT,2020,2,
net_policy_stance,Saint Vincent & the Grenadines,VCT,2022,2,
net_policy_stance,Venezuela,VEN,2020,1,
net_policy_stance,Vietnam,VNM,2020,4,
net_policy_stance,Vietnam,VNM,2021,2,
net_policy_stance,Vietnam,VNM,2022,1,
net_policy_stance,Vietnam,VNM,2023,0,
net_policy_stance,Vietnam,VNM,2025,-3,
net_policy_stance,South Africa,ZAF,2020,-3,
net_policy_stance,South Africa,ZAF,2021,-3,
net_policy_stance,South Africa,ZAF,2022,-2,
net_policy_stance,South Africa,ZAF,2023,-4,
net_policy_stance,South Africa,ZAF,2024,1,
net_policy_stance,South Africa,ZAF,2025,-7,
net_policy_stance,South Africa,ZAF,2026,-1,
net_policy_stance,Zambia,ZMB,2020,2,
net_policy_stance,Zimbabwe,ZWE,2020,-1,
net_policy_stance,Zimbabwe,ZWE,2023,-1,
green_sector_support,China,CHN,cumulative_since_2020,1341,
green_sector_support,Australia,AUS,cumulative_since_2020,722,
green_sector_support,United States of America,USA,cumulative_since_2020,513,
green_sector_support,Brazil,BRA,cumulative_since_2020,366,
green_sector_support,Germany,DEU,cumulative_since_2020,282,
green_sector_support,France,FRA,cumulative_since_2020,240,
green_sector_support,Italy,ITA,cumulative_since_2020,238,
green_sector_support,Spain,ESP,cumulative_since_2020,214,
green_sector_support,Canada,CAN,cumulative_since_2020,207,
green_sector_support,India,IND,cumulative_since_2020,189,
green_sector_support,Japan,JPN,cumulative_since_2020,173,
green_sector_support,Poland,POL,cumulative_since_2020,171,
green_sector_support,Netherlands,NLD,cumulative_since_2020,170,
green_sector_support,Sweden,SWE,cumulative_since_2020,169,
green_sector_support,Republic of Korea,KOR,cumulative_since_2020,168,
green_sector_support,Denmark,DNK,cumulative_since_2020,165,
green_sector_support,Belgium,BEL,cumulative_since_2020,162,
green_sector_support,Finland,FIN,cumulative_since_2020,161,
green_sector_support,Hungary,HUN,cumulative_since_2020,157,
green_sector_support,United Kingdom,GBR,cumulative_since_2020,157,
fossil_fuel_support_active,China,CHN,in_force,213,
fossil_fuel_support_active,United States of America,USA,in_force,122,
fossil_fuel_support_active,Canada,CAN,in_force,82,
fossil_fuel_support_active,Japan,JPN,in_force,64,
fossil_fuel_support_active,Germany,DEU,in_force,63,
fossil_fuel_support_active,Italy,ITA,in_force,50,
fossil_fuel_support_active,Spain,ESP,in_force,49,
fossil_fuel_support_active,France,FRA,in_force,49,
fossil_fuel_support_active,Greece,GRC,in_force,47,
fossil_fuel_support_active,Poland,POL,in_force,46,
fossil_fuel_support_active,Denmark,DNK,in_force,44,
fossil_fuel_support_active,Hungary,HUN,in_force,42,
fossil_fuel_support_active,India,IND,in_force,42,
fossil_fuel_support_active,Belgium,BEL,in_force,41,
fossil_fuel_support_active,Slovenia,SVN,in_force,41,
fossil_fuel_support_active,Slovakia,SVK,in_force,40,
fossil_fuel_support_active,Austria,AUT,in_force,40,
fossil_fuel_support_active,Bulgaria,BGR,in_force,40,
fossil_fuel_support_active,Croatia,HRV,in_force,40,
fossil_fuel_support_active,Czechia,CZE,in_force,40,
fossil_fuel_support_active,Finland,FIN,in_force,40,
fossil_fuel_support_active,Lithuania,LTU,in_force,40,
fossil_fuel_support_active,Estonia,EST,in_force,39,
fossil_fuel_support_active,Latvia,LVA,in_force,39,
fossil_fuel_support_active,Romania,ROU,in_force,39,
fossil_fuel_support_active,Netherlands,NLD,in_force,38,
fossil_fuel_support_active,Portugal,PRT,in_force,38,
fossil_fuel_support_active,Sweden,SWE,in_force,38,
fossil_fuel_support_active,Luxembourg,LUX,in_force,37,
fossil_fuel_support_active,Cyprus,CYP,in_force,36,
fossil_fuel_support_active,Ireland,IRL,in_force,36,
fossil_fuel_support_active,Malta,MLT,in_force,36,
fossil_fuel_support_active,Russia,RUS,in_force,25,
fossil_fuel_support_active,United Kingdom,GBR,in_force,24,
fossil_fuel_support_active,Australia,AUS,in_force,23,
fossil_fuel_support_active,Switzerland,CHE,in_force,23,
fossil_fuel_support_active,Republic of Korea,KOR,in_force,23,
fossil_fuel_support_active,Argentina,ARG,in_force,17,
fossil_fuel_support_active,Turkiye,TUR,in_force,16,
fossil_fuel_support_active,Brazil,BRA,in_force,16,
fossil_fuel_support_active,Indonesia,IDN,in_force,11,
fossil_fuel_support_active,Nigeria,NGA,in_force,11,
fossil_fuel_support_active,Mexico,MEX,in_force,10,
fossil_fuel_support_active,Pakistan,PAK,in_force,8,
fossil_fuel_support_active,Malaysia,MYS,in_force,7,
fossil_fuel_support_active,Peru,PER,in_force,7,
fossil_fuel_support_active,Vietnam,VNM,in_force,5,
fossil_fuel_support_active,Thailand,THA,in_force,5,
fossil_fuel_support_active,Egypt,EGY,in_force,4,
fossil_fuel_support_active,Ukraine,UKR,in_force,3,
fossil_fuel_support_active,South Africa,ZAF,in_force,3,
fossil_fuel_support_active,Iraq,IRQ,in_force,3,
fossil_fuel_support_active,Philippines,PHL,in_force,3,
fossil_fuel_support_active,Bangladesh,BGD,in_force,2,
fossil_fuel_support_active,United Arab Emirates,ARE,in_force,2,
fossil_fuel_support_active,Belarus,BLR,in_force,2,
fossil_fuel_support_active,Niger,NER,in_force,2,
fossil_fuel_support_active,Chinese Taipei,TWN,in_force,2,
fossil_fuel_support_active,Venezuela,VEN,in_force,2,
fossil_fuel_support_active,Mozambique,MOZ,in_force,2,
fossil_fuel_support_active,New Zealand,NZL,in_force,1,
fossil_fuel_support_active,Zimbabwe,ZWE,in_force,1,
fossil_fuel_support_active,Saudi Arabia,SAU,in_force,1,
fossil_fuel_support_active,Hong Kong,HKG,in_force,1,
fossil_fuel_support_active,Gambia,GMB,in_force,1,
fossil_fuel_support_active,Myanmar,MMR,in_force,1,
fossil_fuel_support_active,Kenya,KEN,in_force,1,
fossil_fuel_support_active,Turkmenistan,TKM,in_force,1,
fossil_fuel_support_active,Sri Lanka,LKA,in_force,1,
fossil_fuel_support_active,Chile,CHL,in_force,1,
trade_remedies_on_green_goods,United States of America,USA,cumulative_since_2020,18,
trade_remedies_on_green_goods,India,IND,cumulative_since_2020,12,
trade_remedies_on_green_goods,Australia,AUS,cumulative_since_2020,10,
trade_remedies_on_green_goods,Austria,AUT,cumulative_since_2020,6,
trade_remedies_on_green_goods,Belgium,BEL,cumulative_since_2020,6,
trade_remedies_on_green_goods,Bulgaria,BGR,cumulative_since_2020,6,
trade_remedies_on_green_goods,Croatia,HRV,cumulative_since_2020,6,
trade_remedies_on_green_goods,Cyprus,CYP,cumulative_since_2020,6,
trade_remedies_on_green_goods,Czechia,CZE,cumulative_since_2020,6,
trade_remedies_on_green_goods,Denmark,DNK,cumulative_since_2020,6,
trade_remedies_on_green_goods,Estonia,EST,cumulative_since_2020,6,
trade_remedies_on_green_goods,Finland,FIN,cumulative_since_2020,6,
trade_remedies_on_green_goods,France,FRA,cumulative_since_2020,6,
trade_remedies_on_green_goods,Germany,DEU,cumulative_since_2020,6,
trade_remedies_on_green_goods,Greece,GRC,cumulative_since_2020,6,
trade_remedies_on_green_goods,Hungary,HUN,cumulative_since_2020,6,
trade_remedies_on_green_goods,Ireland,IRL,cumulative_since_2020,6,
trade_remedies_on_green_goods,Italy,ITA,cumulative_since_2020,6,
trade_remedies_on_green_goods,Latvia,LVA,cumulative_since_2020,6,
trade_remedies_on_green_goods,Lithuania,LTU,cumulative_since_2020,6,
green_industrial_growth_harmful,Global,WLD,2020,810,
green_industrial_growth_liberalising,Global,WLD,2020,309,
green_industrial_growth_harmful,Global,WLD,2021,713,
green_industrial_growth_liberalising,Global,WLD,2021,232,
green_industrial_growth_harmful,Global,WLD,2022,1005,
green_industrial_growth_liberalising,Global,WLD,2022,249,
green_industrial_growth_harmful,Global,WLD,2023,1130,
green_industrial_growth_liberalising,Global,WLD,2023,230,
green_industrial_growth_harmful,Global,WLD,2024,1011,
green_industrial_growth_liberalising,Global,WLD,2024,235,
green_industrial_growth_harmful,Global,WLD,2025,1033,
green_industrial_growth_liberalising,Global,WLD,2025,366,
green_industrial_growth_harmful,Global,WLD,2026,358,
green_industrial_growth_liberalising,Global,WLD,2026,131,
fossil_subsidy_trend,Global,WLD,2020,141,
green_subsidy_trend,Global,WLD,2020,583,
fossil_subsidy_trend,Global,WLD,2021,119,
green_subsidy_trend,Global,WLD,2021,489,
fossil_subsidy_trend,Global,WLD,2022,259,
green_subsidy_trend,Global,WLD,2022,656,
fossil_subsidy_trend,Global,WLD,2023,257,
green_subsidy_trend,Global,WLD,2023,829,
fossil_subsidy_trend,Global,WLD,2024,212,
green_subsidy_trend,Global,WLD,2024,671,
fossil_subsidy_trend,Global,WLD,2025,217,
green_subsidy_trend,Global,WLD,2025,684,
fossil_subsidy_trend,Global,WLD,2026,132,
green_subsidy_trend,Global,WLD,2026,262,
mineral_export_restrictions,Global,WLD,2020,4,lithium
mineral_export_restrictions,Global,WLD,2021,1,lithium
mineral_export_restrictions,Global,WLD,2022,17,lithium
mineral_export_restrictions,Global,WLD,2023,15,lithium
mineral_export_restrictions,Global,WLD,2024,13,lithium
mineral_export_restrictions,Global,WLD,2025,12,lithium
mineral_export_restrictions,Global,WLD,2020,10,copper
mineral_export_restrictions,Global,WLD,2021,9,copper
mineral_export_restrictions,Global,WLD,2022,31,copper
mineral_export_restrictions,Global,WLD,2023,27,copper
mineral_export_restrictions,Global,WLD,2024,23,copper
mineral_export_restrictions,Global,WLD,2025,52,copper
mineral_export_restrictions,Global,WLD,2026,11,copper
mineral_export_restrictions,Global,WLD,2020,8,cobalt
mineral_export_restrictions,Global,WLD,2021,8,cobalt
mineral_export_restrictions,Global,WLD,2022,43,cobalt
mineral_export_restrictions,Global,WLD,2023,52,cobalt
mineral_export_restrictions,Global,WLD,2024,27,cobalt
mineral_export_restrictions,Global,WLD,2025,33,cobalt
mineral_export_restrictions,Global,WLD,2026,7,cobalt
mineral_export_restrictions,Global,WLD,2020,10,nickel
mineral_export_restrictions,Global,WLD,2021,8,nickel
mineral_export_restrictions,Global,WLD,2022,47,nickel
mineral_export_restrictions,Global,WLD,2023,54,nickel
mineral_export_restrictions,Global,WLD,2024,31,nickel
mineral_export_restrictions,Global,WLD,2025,43,nickel
mineral_export_restrictions,Global,WLD,2026,11,nickel
mineral_export_restrictions,Global,WLD,2020,3,graphite
mineral_export_restrictions,Global,WLD,2021,1,graphite
mineral_export_restrictions,Global,WLD,2022,16,graphite
mineral_export_restrictions,Global,WLD,2023,16,graphite
mineral_export_restrictions,Global,WLD,2024,10,graphite
mineral_export_restrictions,Global,WLD,2025,23,graphite
mineral_export_restrictions,Global,WLD,2026,7,graphite
mineral_export_restrictions,Global,WLD,2020,4,rare_earths
mineral_export_restrictions,Global,WLD,2021,5,rare_earths
mineral_export_restrictions,Global,WLD,2022,16,rare_earths
mineral_export_restrictions,Global,WLD,2023,13,rare_earths
mineral_export_restrictions,Global,WLD,2024,13,rare_earths
mineral_export_restrictions,Global,WLD,2025,30,rare_earths
mineral_export_restrictions,Global,WLD,2026,4,rare_earths
mineral_export_restrictions,Global,WLD,2020,12,all
mineral_export_restrictions,Global,WLD,2021,18,all
mineral_export_restrictions,Global,WLD,2022,58,all
mineral_export_restrictions,Global,WLD,2023,66,all
mineral_export_restrictions,Global,WLD,2024,47,all
mineral_export_restrictions,Global,WLD,2025,91,all
mineral_export_restrictions,Global,WLD,2026,19,all
